"postId","age","sex","degree","job","comfort","usage","exlFam","tblFam","mplFam","ggpFam","baseRFam","t1a_clicks","t1a_startTime","t1a_endTime","t1a_timeDiff","t1a_class","t1a_xPErr","t1a_yPErr","t2a_clicks","t2a_startTime","t2a_endTime","t2a_timeDiff","t2a_density","t2a_xMax","t2a_xMin","t2a_yMax","t2a_yMin"
"j6s8wb5p","18-24","Male","4 Year","Art/Entertainment","5","Daily","2","3","3","4","2","2","1503688087066","1503688108729","21663","A","0.16082419245560162","0.32302964489194275","2","1503688161555","1503688166789","5234","91","4.0311111111111115","3.1422222222222222","2.8582033429827005","1.572489057268415"
"j6q1xtm3","18-24","Male","4 Year","Technology","3","Daily","3","4","3","5","3","1","1503555378632","1503555379272","640","C","0.8263015473087251","0.049157832217062034","1","1503555395056","1503555395707","651","52","2.9644444444444447","2.0755555555555554","4.1881140572684155","2.90239977155413"
"j6s7p7w6","18-24","Male","4 Year","Sciences","7","Daily","3","4","3","5","3","1","1503685976537","1503685979029","2492","B","0.03690011283795156","0.0042613746520969034","1","1503685992229","1503685994922","2693","125","3.373333333333333","2.4844444444444442","3.218203342982701","1.9324890572684152"
